<?xml version="1.0" encoding="utf-8" ?><dwsync><file name="b.png" server="toasterdog.com/adamscrap.com/" local="3357572746" remote="11948149082" /><file name="fix.gif" server="toasterdog.com/adamscrap.com/" local="3357572746" remote="11948149082" /><file name="galleria.fullscreen.css" server="toasterdog.com/adamscrap.com/" local="3357572746" remote="11948149082" /><file name="galleria.fullscreen.js" server="toasterdog.com/adamscrap.com/" local="3357572746" remote="11948149083" /><file name="i.png" server="toasterdog.com/adamscrap.com/" local="3357572746" remote="11948149083" /><file name="l.gif" server="toasterdog.com/adamscrap.com/" local="3357572746" remote="11948149083" /><file name="loader.gif" server="toasterdog.com/adamscrap.com/" local="3357572746" remote="11948149083" /><file name="n.gif" server="toasterdog.com/adamscrap.com/" local="3357572746" remote="11948149083" /><file name="p.gif" server="toasterdog.com/adamscrap.com/" local="3357572746" remote="11948149083" /><file name="r.gif" server="toasterdog.com/adamscrap.com/" local="3357572746" remote="11948149083" /></dwsync>